user_id,age,stress_level,sleep_quality,mental_risk
U1,56,8,8,no
U2,46,2,2,no
U3,32,4,6,no
U4,60,1,5,no
U5,25,5,10,no
U6,38,9,9,no
U7,56,1,5,no
U8,36,9,2,yes
U9,40,8,5,no
U10,28,6,4,no
U11,28,7,7,no
U12,41,3,6,no
U13,53,1,2,no
U14,57,5,5,no
U15,41,2,7,no
U16,20,5,7,no
U17,39,8,5,no
U18,19,9,9,no
U19,41,2,4,no
U20,61,3,3,no
U21,47,3,4,no
U22,55,1,5,no
U23,19,8,6,no
U24,38,6,3,no
U25,50,8,2,yes
U26,29,9,4,yes
U27,39,5,5,no
U28,61,3,4,no
U29,42,5,3,no
U30,44,5,8,no
U31,59,5,10,no
U32,45,3,4,no
U33,33,10,2,yes
U34,32,4,2,no
U35,64,9,1,yes
U36,61,10,4,yes
U37,20,9,10,no
U38,54,2,9,no
U39,24,8,7,no
U40,38,8,10,no
U41,26,7,7,no
U42,56,8,7,no
U43,35,3,8,no
U44,21,6,1,no
U45,42,1,10,no
U46,31,7,10,no
U47,26,1,8,no
U48,43,9,4,yes
U49,19,1,4,no
U50,37,1,4,no
U51,45,7,6,no
U52,64,2,7,no
U53,24,5,6,no
U54,61,8,1,yes
U55,25,8,8,no
U56,64,3,10,no
U57,52,7,7,no
U58,31,3,6,no
U59,34,6,6,no
U60,53,6,5,no
U61,57,3,6,no
U62,21,7,9,no
U63,19,3,10,no
U64,23,8,9,no
U65,59,10,10,no
U66,21,4,8,no
U67,46,1,10,no
U68,35,4,9,no
U69,43,7,10,no
U70,61,4,8,no
U71,51,6,8,no
U72,27,9,1,yes
U73,53,1,10,no
U74,31,5,5,no
U75,48,7,4,yes
U76,32,1,2,no
U77,25,4,8,no
U78,31,6,3,no
U79,40,2,4,no
U80,57,10,7,no
U81,38,5,10,no
U82,33,10,9,no
U83,62,1,2,no
U84,35,6,3,no
U85,64,6,4,no
U86,41,4,10,no
U87,43,8,1,yes
U88,42,4,7,no
U89,62,8,2,yes
U90,58,8,5,no
U91,46,5,1,no
U92,32,4,3,no
U93,62,2,2,no
U94,18,3,1,no
U95,42,3,7,no
U96,24,4,5,no
U97,26,4,1,no
U98,41,10,6,no
U99,18,5,5,no
U100,61,4,3,no
U101,25,10,7,no
U102,41,8,10,no
U103,28,6,9,no
U104,34,6,9,no
U105,25,8,9,no
U106,52,7,2,yes
U107,52,10,3,yes
U108,50,10,7,no
U109,22,8,5,no
U110,59,2,2,no
U111,56,9,3,yes
U112,58,1,10,no
U113,45,8,6,no
U114,24,4,7,no
U115,26,4,9,no
U116,25,5,1,no
U117,29,8,7,no
U118,51,5,8,no
U119,50,8,3,yes
U120,40,10,4,yes
U121,41,1,10,no
U122,54,10,6,no
U123,52,9,10,no
U124,61,6,7,no
U125,57,3,4,no
U126,39,8,8,no
U127,44,9,5,no
U128,52,6,1,no
U129,18,7,4,yes
U130,52,1,3,no
U131,54,5,9,no
U132,64,5,8,no
U133,31,10,1,yes
U134,20,4,6,no
U135,18,6,9,no
U136,22,7,7,no
U137,43,9,4,yes
U138,31,1,1,no
U139,56,6,2,no
U140,44,7,5,no
U141,26,3,5,no
U142,32,8,8,no
U143,32,5,6,no
U144,43,9,8,no
U145,59,5,2,no
U146,30,9,3,yes
U147,49,10,6,no
U148,56,4,10,no
U149,49,9,3,yes
U150,21,5,6,no
U151,47,10,6,no
U152,54,9,2,yes
U153,40,3,7,no
U154,56,4,2,no
U155,62,9,6,no
U156,32,10,1,yes
U157,60,6,3,no
U158,46,2,2,no
U159,53,7,7,no
U160,30,2,4,no
U161,49,2,8,no
U162,24,1,6,no
U163,39,3,10,no
U164,45,6,4,no
U165,19,8,5,no
U166,59,9,9,no
U167,62,7,7,no
U168,23,4,10,no
U169,45,6,9,no
U170,45,5,7,no
U171,61,8,1,yes
U172,61,1,8,no
U173,37,1,4,no
U174,47,6,3,no
U175,28,10,7,no
U176,45,2,3,no
U177,42,5,8,no
U178,56,1,6,no
U179,50,7,5,no
U180,18,1,4,no
U181,44,4,8,no
U182,30,9,8,no
U183,58,1,1,no
U184,20,4,9,no
U185,56,6,5,no
U186,23,6,4,no
U187,25,8,6,no
U188,44,1,6,no
U189,26,7,2,yes
U190,54,1,8,no
U191,50,7,7,no
U192,59,3,1,no
U193,61,8,5,no
U194,41,3,6,no
U195,32,1,4,no
U196,49,8,2,yes
U197,49,3,4,no
U198,41,2,1,no
U199,58,1,7,no
U200,29,3,2,no
U201,56,2,2,no
U202,19,2,9,no
U203,20,6,5,no
U204,54,1,2,no
U205,34,2,9,no
U206,19,6,9,no
U207,19,3,1,no
U208,45,4,3,no
U209,40,1,4,no
U210,54,8,7,no
U211,49,7,10,no
U212,50,7,4,yes
U213,18,3,2,no
U214,36,10,7,no
U215,19,10,6,no
U216,61,3,3,no
U217,43,2,6,no
U218,49,1,6,no
U219,23,7,5,no
U220,49,7,4,yes
U221,21,2,10,no
U222,28,7,1,yes
U223,34,8,10,no
U224,55,1,6,no
U225,41,9,2,yes
U226,22,7,3,yes
U227,51,3,8,no
U228,23,8,10,no
U229,39,7,6,no
U230,28,8,3,yes
U231,33,6,7,no
U232,50,9,4,yes
U233,26,5,9,no
U234,23,3,5,no
U235,33,3,3,no
U236,46,1,2,no
U237,20,8,2,yes
U238,37,2,3,no
U239,53,3,2,no
U240,36,8,4,yes
U241,43,8,2,yes
U242,20,4,10,no
U243,36,4,9,no
U244,37,5,2,no
U245,49,6,9,no
U246,24,5,6,no
U247,58,7,1,yes
U248,50,2,4,no
U249,57,7,1,yes
U250,56,10,6,no
U251,35,7,4,yes
U252,57,1,3,no
U253,18,7,3,yes
U254,28,5,9,no
U255,45,3,6,no
U256,42,3,9,no
U257,40,4,5,no
U258,48,2,2,no
U259,47,2,8,no
U260,59,1,5,no
U261,52,5,2,no
U262,24,4,4,no
U263,33,10,9,no
U264,43,2,4,no
U265,19,3,4,no
U266,18,7,2,yes
U267,29,7,6,no
U268,22,4,2,no
U269,54,5,7,no
U270,49,5,3,no
U271,26,6,3,no
U272,58,9,5,no
U273,52,2,3,no
U274,36,5,2,no
U275,33,3,10,no
U276,20,4,9,no
U277,37,10,2,yes
U278,41,6,2,no
U279,50,8,8,no
U280,41,1,9,no
U281,28,10,7,no
U282,25,8,3,yes
U283,53,7,9,no
U284,55,1,3,no
U285,57,2,5,no
U286,37,3,9,no
U287,52,1,3,no
U288,42,9,7,no
U289,52,8,1,yes
U290,42,2,4,no
U291,46,9,4,yes
U292,35,7,7,no
U293,63,9,8,no
U294,35,6,1,no
U295,19,6,5,no
U296,52,4,7,no
U297,33,10,4,yes
U298,58,10,4,yes
U299,53,2,4,no
U300,50,7,6,no
U301,21,5,7,no
U302,50,6,2,no
U303,31,2,5,no
U304,38,5,4,no
U305,37,10,3,yes
U306,25,4,7,no
U307,24,9,6,no
U308,20,6,7,no
U309,34,2,5,no
U310,50,1,6,no
U311,29,5,5,no
U312,39,9,7,no
U313,39,6,2,no
U314,63,10,5,no
U315,47,7,6,no
U316,55,5,6,no
U317,55,10,5,no
U318,62,6,10,no
U319,25,5,7,no
U320,44,9,10,no
U321,44,6,8,no
U322,51,8,7,no
U323,38,2,5,no
U324,47,9,1,yes
U325,50,5,5,no
U326,45,7,10,no
U327,64,10,2,yes
U328,50,1,5,no
U329,22,10,5,no
U330,36,5,2,no
U331,21,10,5,no
U332,52,2,4,no
U333,34,6,1,no
U334,61,1,3,no
U335,45,3,1,no
U336,47,5,5,no
U337,46,4,4,no
U338,63,3,7,no
U339,23,10,5,no
U340,52,5,10,no
U341,58,8,4,yes
U342,54,4,2,no
U343,41,1,4,no
U344,46,7,2,yes
U345,63,8,8,no
U346,48,3,3,no
U347,52,6,9,no
U348,50,2,4,no
U349,38,7,6,no
U350,49,8,10,no
U351,40,6,5,no
U352,50,6,10,no
U353,20,5,1,no
U354,35,8,9,no
U355,42,1,1,no
U356,59,10,8,no
U357,48,4,9,no
U358,20,4,9,no
U359,57,3,1,no
U360,63,3,2,no
U361,41,4,1,no
U362,49,1,10,no
U363,64,2,2,no
U364,39,9,10,no
U365,40,10,8,no
U366,19,2,5,no
U367,44,5,7,no
U368,59,9,2,yes
U369,19,9,8,no
U370,43,8,6,no
U371,34,1,8,no
U372,57,1,1,no
U373,50,9,1,yes
U374,26,8,7,no
U375,60,10,8,no
U376,56,9,3,yes
U377,46,7,5,no
U378,59,3,1,no
U379,43,3,7,no
U380,52,2,5,no
U381,42,5,8,no
U382,41,3,8,no
U383,30,6,9,no
U384,24,2,7,no
U385,53,3,1,no
U386,62,5,3,no
U387,37,1,8,no
U388,18,1,3,no
U389,25,10,8,no
U390,63,9,1,yes
U391,33,7,5,no
U392,31,1,4,no
U393,29,8,5,no
U394,40,3,8,no
U395,32,8,10,no
U396,45,5,4,no
U397,51,1,4,no
U398,19,7,3,yes
U399,49,5,7,no
U400,40,6,3,no
U401,39,6,3,no
U402,42,8,10,no
U403,39,9,5,no
U404,39,2,5,no
U405,59,9,6,no
U406,23,10,8,no
U407,32,9,10,no
U408,60,10,6,no
U409,54,10,1,yes
U410,50,7,8,no
U411,25,1,8,no
U412,61,7,9,no
U413,61,10,9,no
U414,22,5,2,no
U415,56,6,2,no
U416,21,10,3,yes
U417,23,7,1,yes
U418,62,5,4,no
U419,49,7,4,yes
U420,47,9,9,no
U421,64,3,9,no
U422,52,8,9,no
U423,57,2,10,no
U424,33,7,7,no
U425,30,2,2,no
U426,59,4,10,no
U427,47,7,5,no
U428,36,3,4,no
U429,34,2,8,no
U430,36,10,2,yes
U431,45,7,6,no
U432,43,1,5,no
U433,54,8,2,yes
U434,43,3,10,no
U435,40,2,1,no
U436,26,3,8,no
U437,29,5,2,no
U438,18,8,7,no
U439,18,10,9,no
U440,64,7,9,no
U441,51,7,8,no
U442,49,7,10,no
U443,42,8,9,no
U444,57,1,2,no
U445,62,4,6,no
U446,18,6,4,no
U447,33,9,4,yes
U448,56,2,5,no
U449,22,1,3,no
U450,39,10,1,yes
U451,46,2,8,no
U452,20,7,5,no
U453,29,3,3,no
U454,43,10,10,no
U455,33,2,7,no
U456,54,7,7,no
U457,39,2,1,no
U458,46,3,9,no
U459,31,7,2,yes
U460,45,4,5,no
U461,22,1,5,no
U462,64,5,8,no
U463,47,9,8,no
U464,63,8,7,no
U465,22,9,7,no
U466,29,10,6,no
U467,33,9,6,no
U468,43,7,9,no
U469,43,4,6,no
U470,38,5,2,no
U471,56,1,2,no
U472,53,1,5,no
U473,50,3,4,no
U474,47,8,2,yes
U475,54,2,3,no
U476,40,4,7,no
U477,27,2,8,no
U478,22,5,6,no
U479,53,9,5,no
U480,51,1,1,no
U481,48,5,8,no
U482,27,9,3,yes
U483,36,1,6,no
U484,49,9,3,yes
U485,18,8,7,no
U486,22,4,7,no
U487,62,10,9,no
U488,21,5,5,no
U489,33,5,8,no
U490,41,6,10,no
U491,33,7,10,no
U492,19,8,8,no
U493,45,8,1,yes
U494,49,2,5,no
U495,44,9,3,yes
U496,37,7,1,yes
U497,41,4,4,no
U498,29,4,8,no
U499,52,8,3,yes
U500,50,4,10,no
U501,50,6,2,no
U502,60,5,9,no
U503,54,3,10,no
U504,29,10,5,no
U505,20,2,7,no
U506,18,9,2,yes
U507,50,10,9,no
U508,57,9,9,no
U509,27,1,4,no
U510,60,10,4,yes
U511,61,3,6,no
U512,46,8,10,no
U513,30,6,10,no
U514,29,5,10,no
U515,48,5,6,no
U516,63,6,1,no
U517,19,7,9,no
U518,52,1,2,no
U519,40,9,5,no
U520,34,3,9,no
U521,43,4,4,no
U522,25,10,3,yes
U523,46,1,7,no
U524,43,10,6,no
U525,27,3,8,no
U526,43,2,3,no
U527,51,2,5,no
U528,58,1,10,no
U529,24,8,4,yes
U530,21,3,4,no
U531,62,3,4,no
U532,28,6,10,no
U533,46,8,8,no
U534,53,9,6,no
U535,42,9,3,yes
U536,38,4,10,no
U537,53,5,5,no
U538,27,2,6,no
U539,54,9,5,no
U540,26,8,6,no
U541,41,3,8,no
U542,52,9,7,no
U543,52,3,5,no
U544,53,9,10,no
U545,35,2,6,no
U546,56,10,4,yes
U547,49,9,9,no
U548,41,8,4,yes
U549,40,9,1,yes
U550,49,5,7,no
U551,54,2,7,no
U552,29,8,4,yes
U553,30,6,3,no
U554,40,8,8,no
U555,42,5,5,no
U556,52,10,10,no
U557,58,2,7,no
U558,47,6,4,no
U559,34,5,4,no
U560,37,5,8,no
U561,42,1,8,no
U562,39,2,2,no
U563,30,8,2,yes
U564,36,3,3,no
U565,53,10,3,yes
U566,29,3,1,no
U567,58,8,3,yes
U568,36,8,6,no
U569,29,2,8,no
U570,26,8,10,no
U571,24,1,6,no
U572,45,6,5,no
U573,31,8,4,yes
U574,48,3,3,no
U575,36,8,4,yes
U576,64,1,7,no
U577,33,9,1,yes
U578,22,9,7,no
U579,52,5,1,no
U580,29,10,2,yes
U581,42,4,4,no
U582,38,6,1,no
U583,53,7,9,no
U584,40,5,6,no
U585,33,10,1,yes
U586,56,9,1,yes
U587,62,3,6,no
U588,59,7,4,yes
U589,56,10,4,yes
U590,31,10,6,no
U591,48,5,7,no
U592,22,7,9,no
U593,52,2,10,no
U594,40,4,5,no
U595,46,2,9,no
U596,60,7,4,yes
U597,28,2,10,no
U598,35,1,2,no
U599,64,9,3,yes
U600,29,1,1,no
U601,26,8,6,no
U602,27,2,6,no
U603,61,8,1,yes
U604,34,3,3,no
U605,55,6,5,no
U606,24,3,3,no
U607,63,7,10,no
U608,30,10,3,yes
U609,57,9,10,no
U610,59,2,3,no
U611,26,5,5,no
U612,44,6,5,no
U613,19,4,4,no
U614,22,4,1,no
U615,46,4,5,no
U616,54,2,10,no
U617,55,4,5,no
U618,36,1,4,no
U619,25,6,6,no
U620,62,1,10,no
U621,18,10,4,yes
U622,39,6,7,no
U623,34,1,7,no
U624,24,6,2,no
U625,42,10,3,yes
U626,62,8,1,yes
U627,21,2,8,no
U628,53,2,9,no
U629,23,4,4,no
U630,48,3,6,no
U631,36,4,9,no
U632,61,7,6,no
U633,56,1,9,no
U634,44,6,4,no
U635,27,3,8,no
U636,43,10,9,no
U637,36,7,4,yes
U638,56,10,5,no
U639,20,2,8,no
U640,62,2,10,no
U641,30,4,6,no
U642,45,1,7,no
U643,37,3,3,no
U644,45,9,7,no
U645,25,7,8,no
U646,58,7,10,no
U647,56,4,6,no
U648,18,2,10,no
U649,20,4,9,no
U650,30,6,6,no
U651,45,3,9,no
U652,42,1,4,no
U653,50,8,8,no
U654,55,5,4,no
U655,23,5,2,no
U656,61,4,10,no
U657,62,6,9,no
U658,49,3,5,no
U659,62,9,4,yes
U660,64,5,2,no
U661,38,3,1,no
U662,33,1,7,no
U663,38,10,6,no
U664,28,6,2,no
U665,54,2,8,no
U666,53,3,4,no
U667,52,1,8,no
U668,36,9,7,no
U669,37,8,5,no
U670,35,2,10,no
U671,64,8,10,no
U672,58,9,8,no
U673,31,1,9,no
U674,32,5,5,no
U675,48,8,10,no
U676,18,2,5,no
U677,20,4,2,no
U678,33,7,5,no
U679,40,3,3,no
U680,28,5,7,no
U681,29,8,10,no
U682,27,10,5,no
U683,49,3,8,no
U684,33,4,1,no
U685,25,9,3,yes
U686,55,7,3,yes
U687,29,1,9,no
U688,41,4,5,no
U689,45,4,9,no
U690,25,9,9,no
U691,45,6,1,no
U692,53,9,2,yes
U693,43,6,5,no
U694,25,6,4,no
U695,45,5,10,no
U696,45,5,9,no
U697,54,2,7,no
U698,58,8,6,no
U699,53,8,7,no
U700,44,1,1,no
U701,34,8,1,yes
U702,26,5,8,no
U703,50,2,2,no
U704,37,2,10,no
U705,30,6,9,no
U706,45,9,7,no
U707,46,1,6,no
U708,30,6,1,no
U709,63,9,1,yes
U710,52,8,2,yes
U711,23,6,6,no
U712,35,3,6,no
U713,22,8,2,yes
U714,64,9,1,yes
U715,42,1,10,no
U716,19,9,5,no
U717,27,6,5,no
U718,47,6,2,no
U719,62,4,6,no
U720,22,1,9,no
U721,50,10,2,yes
U722,18,8,10,no
U723,35,2,2,no
U724,49,1,3,no
U725,64,2,7,no
U726,28,1,6,no
U727,38,1,8,no
U728,43,9,8,no
U729,42,1,6,no
U730,39,4,10,no
U731,44,10,3,yes
U732,30,6,3,no
U733,50,7,1,yes
U734,51,2,7,no
U735,58,6,5,no
U736,52,7,4,yes
U737,18,10,10,no
U738,38,10,4,yes
U739,23,2,4,no
U740,45,2,6,no
U741,34,10,8,no
U742,22,7,8,no
U743,48,1,5,no
U744,22,8,6,no
U745,55,3,4,no
U746,20,6,9,no
U747,40,9,8,no
U748,54,6,10,no
U749,54,9,10,no
U750,27,7,1,yes
U751,27,9,2,yes
U752,36,2,9,no
U753,34,8,8,no
U754,38,8,3,yes
U755,31,2,8,no
U756,26,4,1,no
U757,63,7,10,no
U758,18,4,4,no
U759,62,4,3,no
U760,30,6,6,no
U761,21,10,7,no
U762,18,6,4,no
U763,57,10,7,no
U764,49,3,9,no
U765,51,9,2,yes
U766,45,10,3,yes
U767,48,2,5,no
U768,25,6,3,no
U769,56,7,8,no
U770,43,9,10,no
U771,51,3,8,no
U772,20,10,8,no
U773,29,3,9,no
U774,18,7,4,yes
U775,61,4,5,no
U776,22,8,5,no
U777,47,7,8,no
U778,47,5,7,no
U779,34,7,9,no
U780,64,3,8,no
U781,40,2,2,no
U782,32,6,10,no
U783,54,2,4,no
U784,38,3,6,no
U785,31,6,2,no
U786,19,5,7,no
U787,28,8,3,yes
U788,56,9,3,yes
U789,55,3,2,no
U790,51,10,8,no
U791,55,3,6,no
U792,51,3,1,no
U793,35,6,1,no
U794,47,1,7,no
U795,32,7,8,no
U796,44,1,5,no
U797,51,5,5,no
U798,55,10,4,yes
U799,50,8,6,no
U800,41,4,6,no
U801,32,5,3,no
U802,47,4,9,no
U803,59,4,7,no
U804,34,8,1,yes
U805,22,2,7,no
U806,46,1,5,no
U807,21,3,5,no
U808,27,9,2,yes
U809,34,4,4,no
U810,27,10,6,no
U811,34,5,10,no
U812,37,2,7,no
U813,41,4,5,no
U814,22,2,9,no
U815,51,2,3,no
U816,23,4,1,no
U817,19,6,4,no
U818,30,7,9,no
U819,60,10,4,yes
U820,60,3,2,no
U821,28,3,10,no
U822,64,10,5,no
U823,40,6,3,no
U824,33,3,9,no
U825,48,2,4,no
U826,28,8,6,no
U827,33,5,2,no
U828,25,1,6,no
U829,21,3,3,no
U830,57,10,9,no
U831,21,8,2,yes
U832,42,4,9,no
U833,20,7,5,no
U834,49,10,8,no
U835,20,2,2,no
U836,44,7,6,no
U837,46,5,3,no
U838,49,5,10,no
U839,36,6,5,no
U840,38,9,8,no
U841,22,6,10,no
U842,35,8,1,yes
U843,45,7,5,no
U844,59,9,3,yes
U845,39,4,4,no
U846,38,2,2,no
U847,23,7,9,no
U848,18,6,3,no
U849,22,1,2,no
U850,58,9,10,no
U851,29,9,9,no
U852,43,2,7,no
U853,63,3,6,no
U854,51,5,1,no
U855,31,5,5,no
U856,43,1,3,no
U857,62,8,1,yes
U858,44,8,4,yes
U859,26,4,2,no
U860,43,7,2,yes
U861,64,10,3,yes
U862,39,3,8,no
U863,64,6,8,no
U864,47,10,7,no
U865,60,10,6,no
U866,34,9,9,no
U867,43,1,4,no
U868,53,5,1,no
U869,18,4,8,no
U870,25,8,7,no
U871,52,1,7,no
U872,32,9,3,yes
U873,64,6,4,no
U874,39,4,10,no
U875,31,9,9,no
U876,43,5,6,no
U877,45,5,5,no
U878,40,5,3,no
U879,31,1,9,no
U880,41,1,5,no
U881,19,8,5,no
U882,62,8,4,yes
U883,43,6,4,no
U884,31,4,1,no
U885,24,2,7,no
U886,20,2,9,no
U887,64,9,3,yes
U888,40,5,2,no
U889,63,4,3,no
U890,60,10,1,yes
U891,64,1,6,no
U892,62,7,7,no
U893,35,3,2,no
U894,55,6,8,no
U895,52,5,6,no
U896,32,5,4,no
U897,42,5,5,no
U898,54,1,8,no
U899,45,1,3,no
U900,27,3,3,no
U901,56,10,4,yes
U902,34,4,1,no
U903,56,5,9,no
U904,39,2,8,no
U905,43,8,8,no
U906,61,2,10,no
U907,42,9,6,no
U908,34,2,7,no
U909,30,9,6,no
U910,37,7,9,no
U911,42,8,3,yes
U912,21,2,3,no
U913,27,7,3,yes
U914,20,6,10,no
U915,58,4,3,no
U916,62,7,9,no
U917,35,4,4,no
U918,64,2,7,no
U919,53,10,9,no
U920,64,7,7,no
U921,39,8,9,no
U922,51,2,3,no
U923,64,5,4,no
U924,25,1,8,no
U925,57,7,6,no
U926,61,8,5,no
U927,36,6,4,no
U928,59,5,8,no
U929,58,6,1,no
U930,54,2,9,no
U931,23,1,1,no
U932,43,7,8,no
U933,51,7,4,yes
U934,62,10,9,no
U935,23,10,5,no
U936,54,2,3,no
U937,50,2,9,no
U938,39,1,9,no
U939,38,10,4,yes
U940,23,8,4,yes
U941,23,8,8,no
U942,21,1,2,no
U943,47,8,9,no
U944,28,9,6,no
U945,47,4,9,no
U946,48,1,8,no
U947,41,1,7,no
U948,26,3,1,no
U949,20,5,3,no
U950,48,5,2,no
U951,57,9,5,no
U952,54,10,5,no
U953,53,2,5,no
U954,41,2,4,no
U955,48,6,5,no
U956,23,9,3,yes
U957,19,1,1,no
U958,37,9,5,no
U959,45,9,9,no
U960,28,9,9,no
U961,21,5,4,no
U962,32,9,3,yes
U963,23,4,1,no
U964,47,2,2,no
U965,55,6,8,no
U966,19,4,1,no
U967,32,6,8,no
U968,28,3,7,no
U969,25,6,8,no
U970,43,2,6,no
U971,62,2,9,no
U972,61,9,3,yes
U973,22,7,10,no
U974,23,3,4,no
U975,43,1,6,no
U976,21,8,8,no
U977,36,6,5,no
U978,37,7,3,yes
U979,50,9,6,no
U980,37,5,4,no
U981,29,1,9,no
U982,64,10,3,yes
U983,18,7,4,yes
U984,43,5,7,no
U985,31,3,7,no
U986,55,9,4,yes
U987,54,1,6,no
U988,28,1,3,no
U989,53,1,6,no
U990,30,3,2,no
U991,60,6,8,no
U992,20,10,2,yes
U993,50,3,7,no
U994,23,8,9,no
U995,27,10,1,yes
U996,22,2,8,no
U997,40,9,7,no
U998,27,3,6,no
U999,61,5,6,no
U1000,19,10,6,no
